Workbook

Sheet WASM_Objekterkennung
A1: Bild Nr. | B1: Inferenzzeit in ms | C1: Wahrscheinlichkeit 1 | D1: Klasse | E1: Wahrscheinlichkeit 2 | F1: Klasse | J1: Bild Nr. | K1: ⌀ Inferenzzeit | L1: ⌀ Wahrscheinlichkeit | M1: Inferenzzeit Vergleich | N1: Wahrscheinlichkeit Vergleich
A2: 0 | B2: 7569.2 | C2: 0.98966026 | D2: chair | E2: 0.99980766 | F2: dog | J2: 0 | K2: =(VLOOKUP($J2,$A$1:$F$11,2,FALSE)+VLOOKUP($J2,$A$12:$F$21,2,FALSE)+VLOOKUP($J2,$A$22:$F$31,2,FALSE))/3 -> 7493.0667 | L2: =(VLOOKUP($J2,$A$1:$F$11,3,FALSE)+VLOOKUP($J2,$A$12:$F$21,3,FALSE)+VLOOKUP($J2,$A$22:$F$31,3,FALSE)+E2+E12+E22)/6 -> 0.99473396 | M2: =WASM_Objekterkennung!K2-WebGPU_Objekterkennung!K2 -> 5183.6333 | N2: =WASM_Objekterkennung!L2-WebGPU_Objekterkennung!L2 -> -0.0010097325
A3: 1 | B3: 7265.8 | C3: 0.99942249 | D3: cat | J3: 1 | K3: =(VLOOKUP($J3,$A$1:$F$11,2,FALSE)+VLOOKUP($J3,$A$12:$F$21,2,FALSE)+VLOOKUP($J3,$A$22:$F$31,2,FALSE))/3 -> 7248.5 | L3: =(VLOOKUP($J3,$A$1:$F$11,3,FALSE)+VLOOKUP($J3,$A$12:$F$21,3,FALSE)+VLOOKUP($J3,$A$22:$F$31,3,FALSE))/3 -> 0.99942249 | M3: =WASM_Objekterkennung!K3-WebGPU_Objekterkennung!K3 -> 6235.9 | N3: =WASM_Objekterkennung!L3-WebGPU_Objekterkennung!L3 -> 0.00036084652
A4: 2 | B4: 6408.5 | C4: 0.99754494 | D4: dog | J4: 2 | K4: =(VLOOKUP($J4,$A$1:$F$11,2,FALSE)+VLOOKUP($J4,$A$12:$F$21,2,FALSE)+VLOOKUP($J4,$A$22:$F$31,2,FALSE))/3 -> 6483.4333 | L4: =(VLOOKUP($J4,$A$1:$F$11,3,FALSE)+VLOOKUP($J4,$A$12:$F$21,3,FALSE)+VLOOKUP($J4,$A$22:$F$31,3,FALSE))/3 -> 0.99754494 | M4: =WASM_Objekterkennung!K4-WebGPU_Objekterkennung!K4 -> 5625.4667 | N4: =WASM_Objekterkennung!L4-WebGPU_Objekterkennung!L4 -> -0.00044000149
A5: 3 | B5: 6518.7 | C5: 0.94380039 | D5: teddy bear | J5: 3 | K5: =(VLOOKUP($J5,$A$1:$F$11,2,FALSE)+VLOOKUP($J5,$A$12:$F$21,2,FALSE)+VLOOKUP($J5,$A$22:$F$31,2,FALSE))/3 -> 6621.8667 | L5: =(VLOOKUP($J5,$A$1:$F$11,3,FALSE)+VLOOKUP($J5,$A$12:$F$21,3,FALSE)+VLOOKUP($J5,$A$22:$F$31,3,FALSE))/3 -> 0.94380039 | M5: =WASM_Objekterkennung!K5-WebGPU_Objekterkennung!K5 -> 5418 | N5: =WASM_Objekterkennung!L5-WebGPU_Objekterkennung!L5 -> -0.02277422
A6: 4 | B6: 7732.7 | C6: 0.99920923 | D6: cat | J6: 4 | K6: =(VLOOKUP($J6,$A$1:$F$11,2,FALSE)+VLOOKUP($J6,$A$12:$F$21,2,FALSE)+VLOOKUP($J6,$A$22:$F$31,2,FALSE))/3 -> 7722.9667 | L6: =(VLOOKUP($J6,$A$1:$F$11,3,FALSE)+VLOOKUP($J6,$A$12:$F$21,3,FALSE)+VLOOKUP($J6,$A$22:$F$31,3,FALSE))/3 -> 0.99920923 | M6: =WASM_Objekterkennung!K6-WebGPU_Objekterkennung!K6 -> 6763.4333 | N6: =WASM_Objekterkennung!L6-WebGPU_Objekterkennung!L6 -> 0.00019705296
A7: 5 | B7: 6587.1 | C7: 0.99918538 | D7: cat | J7: 5 | K7: =(VLOOKUP($J7,$A$1:$F$11,2,FALSE)+VLOOKUP($J7,$A$12:$F$21,2,FALSE)+VLOOKUP($J7,$A$22:$F$31,2,FALSE))/3 -> 6542.4 | L7: =(VLOOKUP($J7,$A$1:$F$11,3,FALSE)+VLOOKUP($J7,$A$12:$F$21,3,FALSE)+VLOOKUP($J7,$A$22:$F$31,3,FALSE))/3 -> 0.99918538 | M7: =WASM_Objekterkennung!K7-WebGPU_Objekterkennung!K7 -> 5437.2667 | N7: =WASM_Objekterkennung!L7-WebGPU_Objekterkennung!L7 -> 0.00025862455
A8: 6 | B8: 6574.1 | C8: 0.99898076 | D8: cat | J8: 6 | K8: =(VLOOKUP($J8,$A$1:$F$11,2,FALSE)+VLOOKUP($J8,$A$12:$F$21,2,FALSE)+VLOOKUP($J8,$A$22:$F$31,2,FALSE))/3 -> 6563.5 | L8: =(VLOOKUP($J8,$A$1:$F$11,3,FALSE)+VLOOKUP($J8,$A$12:$F$21,3,FALSE)+VLOOKUP($J8,$A$22:$F$31,3,FALSE))/3 -> 0.99898076 | M8: =WASM_Objekterkennung!K8-WebGPU_Objekterkennung!K8 -> 5518.0667 | N8: =WASM_Objekterkennung!L8-WebGPU_Objekterkennung!L8 -> -0.00012612343
A9: 7 | B9: 7040.9 | C9: 0.99947542 | D9: dog | J9: 7 | K9: =(VLOOKUP($J9,$A$1:$F$11,2,FALSE)+VLOOKUP($J9,$A$12:$F$21,2,FALSE)+VLOOKUP($J9,$A$22:$F$31,2,FALSE))/3 -> 6987.2667 | L9: =(VLOOKUP($J9,$A$1:$F$11,3,FALSE)+VLOOKUP($J9,$A$12:$F$21,3,FALSE)+VLOOKUP($J9,$A$22:$F$31,3,FALSE))/3 -> 0.99947542 | M9: =WASM_Objekterkennung!K9-WebGPU_Objekterkennung!K9 -> 5542.5667 | N9: =WASM_Objekterkennung!L9-WebGPU_Objekterkennung!L9 -> -1.3947487e-05
A10: 8 | B10: 7477.1 | C10: 0.99753797 | D10: cat | J10: 8 | K10: =(VLOOKUP($J10,$A$1:$F$11,2,FALSE)+VLOOKUP($J10,$A$12:$F$21,2,FALSE)+VLOOKUP($J10,$A$22:$F$31,2,FALSE))/3 -> 7528.6667 | L10: =(VLOOKUP($J10,$A$1:$F$11,3,FALSE)+VLOOKUP($J10,$A$12:$F$21,3,FALSE)+VLOOKUP($J10,$A$22:$F$31,3,FALSE))/3 -> 0.99753797 | M10: =WASM_Objekterkennung!K10-WebGPU_Objekterkennung!K10 -> 6353.1333 | N10: =WASM_Objekterkennung!L10-WebGPU_Objekterkennung!L10 -> 0.00067418814
A11: 9 | B11: 7034.2 | C11: 0.99881172 | D11: dog | J11: 9 | K11: =(VLOOKUP($J11,$A$1:$F$11,2,FALSE)+VLOOKUP($J11,$A$12:$F$21,2,FALSE)+VLOOKUP($J11,$A$22:$F$31,2,FALSE))/3 -> 6898.5333 | L11: =(VLOOKUP($J11,$A$1:$F$11,3,FALSE)+VLOOKUP($J11,$A$12:$F$21,3,FALSE)+VLOOKUP($J11,$A$22:$F$31,3,FALSE))/3 -> 0.99881172 | M11: =WASM_Objekterkennung!K11-WebGPU_Objekterkennung!K11 -> 5461.7667 | N11: =WASM_Objekterkennung!L11-WebGPU_Objekterkennung!L11 -> 0.00050503016
A12: 0 | B12: 7527 | C12: 0.98966026 | D12: chair | E12: 0.99980766 | F12: dog
A13: 1 | B13: 7301.2 | C13: 0.99942249 | D13: cat | J13: Durchschnitt | K13: =SUM(K2:K11)/10 -> 7009.02 | L13: =SUM(L2:L11)/10 -> 0.99287023 | M13: =WASM_Objekterkennung!K13-WebGPU_Objekterkennung!K13 -> 5753.9233 | N13: =WASM_Objekterkennung!L13-WebGPU_Objekterkennung!L13 -> -0.0022368282
A14: 2 | B14: 6623.8 | C14: 0.99754494 | D14: dog
A15: 3 | B15: 6635 | C15: 0.94380039 | D15: teddy bear
A16: 4 | B16: 7706.5 | C16: 0.99920923 | D16: cat
A17: 5 | B17: 6565.1 | C17: 0.99918538 | D17: cat
A18: 6 | B18: 6513.6 | C18: 0.99898076 | D18: cat
A19: 7 | B19: 6941.1 | C19: 0.99947542 | D19: dog
A20: 8 | B20: 7642.5 | C20: 0.99753797 | D20: cat
A21: 9 | B21: 6774 | C21: 0.99881172 | D21: dog
A22: 0 | B22: 7383 | C22: 0.98966026 | D22: chair | E22: 0.99980766 | F22: dog
A23: 1 | B23: 7178.5 | C23: 0.99942249 | D23: cat
A24: 2 | B24: 6418 | C24: 0.99754494 | D24: dog
A25: 3 | B25: 6711.9 | C25: 0.94380039 | D25: teddy bear
A26: 4 | B26: 7729.7 | C26: 0.99920923 | D26: cat
A27: 5 | B27: 6475 | C27: 0.99918538 | D27: cat
A28: 6 | B28: 6602.8 | C28: 0.99898076 | D28: cat
A29: 7 | B29: 6979.8 | C29: 0.99947542 | D29: dog
A30: 8 | B30: 7466.4 | C30: 0.99753797 | D30: cat
A31: 9 | B31: 6887.4 | C31: 0.99881172 | D31: dog

Sheet WebGPU_Objekterkennung
A1: Bild Nr. | B1: Inferenzzeit in ms | C1: Wahrscheinlichkeit 1 | D1: Klasse | E1: Wahrscheinlichkeit 2 | F1: Klasse | J1: Bild Nr. | K1: ⌀ Inferenzzeit | L1: ⌀ Wahrscheinlichkeit | M1: Inferenzzeit Vergleich | N1: Wahrscheinlichkeit Vergleich
A2: 0 | B2: 2648.4 | C2: 0.99178225 | D2: chair | E2: 0.99970514 | F2: dog | J2: 0 | K2: =(VLOOKUP($J2,$A$1:$F$11,2,FALSE)+VLOOKUP($J2,$A$12:$F$21,2,FALSE)+VLOOKUP($J2,$A$22:$F$31,2,FALSE))/3 -> 2309.4333 | L2: =(VLOOKUP($J2,$A$1:$F$11,3,FALSE)+VLOOKUP($J2,$A$12:$F$21,3,FALSE)+VLOOKUP($J2,$A$22:$F$31,3,FALSE)+E2+E12+E22)/6 -> 0.99574369 | M2: =WASM_Objekterkennung!K2-WebGPU_Objekterkennung!K2 -> 5183.6333 | N2: =WASM_Objekterkennung!L2-WebGPU_Objekterkennung!L2 -> -0.0010097325
A3: 1 | B3: 1055.2 | C3: 0.99906164 | D3: cat | J3: 1 | K3: =(VLOOKUP($J3,$A$1:$F$11,2,FALSE)+VLOOKUP($J3,$A$12:$F$21,2,FALSE)+VLOOKUP($J3,$A$22:$F$31,2,FALSE))/3 -> 1012.6 | L3: =(VLOOKUP($J3,$A$1:$F$11,3,FALSE)+VLOOKUP($J3,$A$12:$F$21,3,FALSE)+VLOOKUP($J3,$A$22:$F$31,3,FALSE))/3 -> 0.99906164 | M3: =WASM_Objekterkennung!K3-WebGPU_Objekterkennung!K3 -> 6235.9 | N3: =WASM_Objekterkennung!L3-WebGPU_Objekterkennung!L3 -> 0.00036084652
A4: 2 | B4: 844.8 | C4: 0.99798495 | D4: dog | J4: 2 | K4: =(VLOOKUP($J4,$A$1:$F$11,2,FALSE)+VLOOKUP($J4,$A$12:$F$21,2,FALSE)+VLOOKUP($J4,$A$22:$F$31,2,FALSE))/3 -> 857.96667 | L4: =(VLOOKUP($J4,$A$1:$F$11,3,FALSE)+VLOOKUP($J4,$A$12:$F$21,3,FALSE)+VLOOKUP($J4,$A$22:$F$31,3,FALSE))/3 -> 0.99798495 | M4: =WASM_Objekterkennung!K4-WebGPU_Objekterkennung!K4 -> 5625.4667 | N4: =WASM_Objekterkennung!L4-WebGPU_Objekterkennung!L4 -> -0.00044000149
A5: 3 | B5: 1411.3 | C5: 0.96657461 | D5: teddy bear | J5: 3 | K5: =(VLOOKUP($J5,$A$1:$F$11,2,FALSE)+VLOOKUP($J5,$A$12:$F$21,2,FALSE)+VLOOKUP($J5,$A$22:$F$31,2,FALSE))/3 -> 1203.8667 | L5: =(VLOOKUP($J5,$A$1:$F$11,3,FALSE)+VLOOKUP($J5,$A$12:$F$21,3,FALSE)+VLOOKUP($J5,$A$22:$F$31,3,FALSE))/3 -> 0.96657461 | M5: =WASM_Objekterkennung!K5-WebGPU_Objekterkennung!K5 -> 5418 | N5: =WASM_Objekterkennung!L5-WebGPU_Objekterkennung!L5 -> -0.02277422
A6: 4 | B6: 986.4 | C6: 0.99901217 | D6: cat | J6: 4 | K6: =(VLOOKUP($J6,$A$1:$F$11,2,FALSE)+VLOOKUP($J6,$A$12:$F$21,2,FALSE)+VLOOKUP($J6,$A$22:$F$31,2,FALSE))/3 -> 959.53333 | L6: =(VLOOKUP($J6,$A$1:$F$11,3,FALSE)+VLOOKUP($J6,$A$12:$F$21,3,FALSE)+VLOOKUP($J6,$A$22:$F$31,3,FALSE))/3 -> 0.99901217 | M6: =WASM_Objekterkennung!K6-WebGPU_Objekterkennung!K6 -> 6763.4333 | N6: =WASM_Objekterkennung!L6-WebGPU_Objekterkennung!L6 -> 0.00019705296
A7: 5 | B7: 959.1 | C7: 0.99892676 | D7: cat | J7: 5 | K7: =(VLOOKUP($J7,$A$1:$F$11,2,FALSE)+VLOOKUP($J7,$A$12:$F$21,2,FALSE)+VLOOKUP($J7,$A$22:$F$31,2,FALSE))/3 -> 1105.1333 | L7: =(VLOOKUP($J7,$A$1:$F$11,3,FALSE)+VLOOKUP($J7,$A$12:$F$21,3,FALSE)+VLOOKUP($J7,$A$22:$F$31,3,FALSE))/3 -> 0.99892676 | M7: =WASM_Objekterkennung!K7-WebGPU_Objekterkennung!K7 -> 5437.2667 | N7: =WASM_Objekterkennung!L7-WebGPU_Objekterkennung!L7 -> 0.00025862455
A8: 6 | B8: 1151.6 | C8: 0.99910688 | D8: cat | J8: 6 | K8: =(VLOOKUP($J8,$A$1:$F$11,2,FALSE)+VLOOKUP($J8,$A$12:$F$21,2,FALSE)+VLOOKUP($J8,$A$22:$F$31,2,FALSE))/3 -> 1045.4333 | L8: =(VLOOKUP($J8,$A$1:$F$11,3,FALSE)+VLOOKUP($J8,$A$12:$F$21,3,FALSE)+VLOOKUP($J8,$A$22:$F$31,3,FALSE))/3 -> 0.99910688 | M8: =WASM_Objekterkennung!K8-WebGPU_Objekterkennung!K8 -> 5518.0667 | N8: =WASM_Objekterkennung!L8-WebGPU_Objekterkennung!L8 -> -0.00012612343
A9: 7 | B9: 1657.7 | C9: 0.99948937 | D9: dog | J9: 7 | K9: =(VLOOKUP($J9,$A$1:$F$11,2,FALSE)+VLOOKUP($J9,$A$12:$F$21,2,FALSE)+VLOOKUP($J9,$A$22:$F$31,2,FALSE))/3 -> 1444.7 | L9: =(VLOOKUP($J9,$A$1:$F$11,3,FALSE)+VLOOKUP($J9,$A$12:$F$21,3,FALSE)+VLOOKUP($J9,$A$22:$F$31,3,FALSE))/3 -> 0.99948937 | M9: =WASM_Objekterkennung!K9-WebGPU_Objekterkennung!K9 -> 5542.5667 | N9: =WASM_Objekterkennung!L9-WebGPU_Objekterkennung!L9 -> -1.3947487e-05
A10: 8 | B10: 1113.6 | C10: 0.99686378 | D10: cat | J10: 8 | K10: =(VLOOKUP($J10,$A$1:$F$11,2,FALSE)+VLOOKUP($J10,$A$12:$F$21,2,FALSE)+VLOOKUP($J10,$A$22:$F$31,2,FALSE))/3 -> 1175.5333 | L10: =(VLOOKUP($J10,$A$1:$F$11,3,FALSE)+VLOOKUP($J10,$A$12:$F$21,3,FALSE)+VLOOKUP($J10,$A$22:$F$31,3,FALSE))/3 -> 0.99686378 | M10: =WASM_Objekterkennung!K10-WebGPU_Objekterkennung!K10 -> 6353.1333 | N10: =WASM_Objekterkennung!L10-WebGPU_Objekterkennung!L10 -> 0.00067418814
A11: 9 | B11: 1521.1 | C11: 0.99830669 | D11: dog | J11: 9 | K11: =(VLOOKUP($J11,$A$1:$F$11,2,FALSE)+VLOOKUP($J11,$A$12:$F$21,2,FALSE)+VLOOKUP($J11,$A$22:$F$31,2,FALSE))/3 -> 1436.7667 | L11: =(VLOOKUP($J11,$A$1:$F$11,3,FALSE)+VLOOKUP($J11,$A$12:$F$21,3,FALSE)+VLOOKUP($J11,$A$22:$F$31,3,FALSE))/3 -> 0.99830669 | M11: =WASM_Objekterkennung!K11-WebGPU_Objekterkennung!K11 -> 5461.7667 | N11: =WASM_Objekterkennung!L11-WebGPU_Objekterkennung!L11 -> 0.00050503016
A12: 0 | B12: 2131.2 | C12: 0.99178225 | D12: chair | E12: 0.99970514 | F12: dog
A13: 1 | B13: 886 | C13: 0.99906164 | D13: cat | J13: Durchschnitt | K13: =SUM(K2:K11)/10 -> 1255.0967 | L13: =SUM(L2:L11)/10 -> 0.99510705 | M13: =WASM_Objekterkennung!K13-WebGPU_Objekterkennung!K13 -> 5753.9233 | N13: =WASM_Objekterkennung!L13-WebGPU_Objekterkennung!L13 -> -0.0022368282
A14: 2 | B14: 884.7 | C14: 0.99798495 | D14: dog
A15: 3 | B15: 1193.4 | C15: 0.96657461 | D15: teddy bear
A16: 4 | B16: 921.6 | C16: 0.99901217 | D16: cat
A17: 5 | B17: 1312.2 | C17: 0.99892676 | D17: cat
A18: 6 | B18: 970 | C18: 0.99910688 | D18: cat
A19: 7 | B19: 1283 | C19: 0.99948937 | D19: dog
A20: 8 | B20: 1218.9 | C20: 0.99686378 | D20: cat
A21: 9 | B21: 1588.2 | C21: 0.99830669 | D21: dog
A22: 0 | B22: 2148.7 | C22: 0.99178225 | D22: chair | E22: 0.99970514 | F22: dog
A23: 1 | B23: 1096.6 | C23: 0.99906164 | D23: cat
A24: 2 | B24: 844.4 | C24: 0.99798495 | D24: dog
A25: 3 | B25: 1006.9 | C25: 0.96657461 | D25: teddy bear
A26: 4 | B26: 970.6 | C26: 0.99901217 | D26: cat
A27: 5 | B27: 1044.1 | C27: 0.99892676 | D27: cat
A28: 6 | B28: 1014.7 | C28: 0.99910688 | D28: cat
A29: 7 | B29: 1393.4 | C29: 0.99948937 | D29: dog
A30: 8 | B30: 1194.1 | C30: 0.99686378 | D30: cat
A31: 9 | B31: 1201 | C31: 0.99830669 | D31: dog

Sheet WebGPU_Übersetzung
A1: Testsatz | B1: Inferenzzeit 1 | C1: Inferenzzeit 2 | D1: Inferenzzeit 3 | E1: Mittelwert | F1: Standardabwichung
A2: The cat is sitting on the windowsill, watching the birds outside. | B2: 442.3 | C2: 322.7 | D2: 488.4 | E2: =AVERAGE(B2:D2) -> 417.8 | F2: =_xlfn.STDEV.P(B2:D2) -> 69.829841
A3: He bought a new laptop because his old one was too slow. | B3: 496.4 | C3: 321.4 | D3: 318.8 | E3: =AVERAGE(B3:D3) -> 378.86667 | F3: =_xlfn.STDEV.P(B3:D3) -> 83.115395
A4: If it rains tomorrow, we will stay at home and watch a movie. | B4: 597.3 | C4: 426.3 | D4: 426.3 | E4: =AVERAGE(B4:D4) -> 483.3 | F4: =_xlfn.STDEV.P(B4:D4) -> 80.610173
A5: She has been learning German for three years and speaks it fluently. | B5: 418.3 | C5: 384 | D5: 407.9 | E5: =AVERAGE(B5:D5) -> 403.4 | F5: =_xlfn.STDEV.P(B5:D5) -> 14.359898
A6: The restaurant was fully booked, so we had to find another place to eat. | B6: 540.3 | C6: 555.2 | D6: 427.5 | E6: =AVERAGE(B6:D6) -> 507.66667 | F6: =_xlfn.STDEV.P(B6:D6) -> 57.011831
A7: While walking through the old town, we discovered a small café hidden in a narrow alley, where they served the best homemade pastries and freshly brewed coffee we had ever tasted. | B7: 971.5 | C7: 1042.7 | D7: 965.6 | E7: =AVERAGE(B7:D7) -> 993.26667 | F7: =_xlfn.STDEV.P(B7:D7) -> 35.037535
A8: Although she had never tried ice skating before, she quickly got the hang of it and, by the end of the afternoon, she was gliding across the ice as if she had been practicing for years. | B8: 855.7 | C8: 1015.8 | D8: 1189.5 | E8: =AVERAGE(B8:D8) -> 1020.3333 | F8: =_xlfn.STDEV.P(B8:D8) -> 136.31098
A9: The scientist explained that the experiment had to be repeated multiple times under different conditions to ensure that the results were accurate and not just a coincidence. | B9: 660.3 | C9: 985.8 | D9: 716.5 | E9: =AVERAGE(B9:D9) -> 787.53333 | F9: =_xlfn.STDEV.P(B9:D9) -> 142.0607
A10: After months of meticulous planning and countless hours of preparation, the team finally launched their innovative project, which aimed to revolutionize the way people interact with technology by introducing a highly intuitive and user-friendly interface that adapts to individual preferences and learning styles. Despite facing numerous challenges along the way, including technical setbacks, budget constraints, and unexpected delays, their perseverance and dedication ultimately paid off, leading to widespread recognition and positive feedback from both experts and everyday users. | B10: 2694.9 | C10: 2468.5 | D10: 2712.3 | E10: =AVERAGE(B10:D10) -> 2625.2333 | F10: =_xlfn.STDEV.P(B10:D10) -> 111.05462
A11: As the sun slowly set behind the distant mountains, painting the sky in shades of orange, pink, and purple, she sat on the wooden bench near the lake, reflecting on the many twists and turns her life had taken over the past few years. She had faced moments of overwhelming joy and deep sorrow, unexpected opportunities and heartbreaking disappointments, but through it all, she had learned valuable lessons about resilience, self-discovery, and the importance of cherishing every fleeting moment. As the cool evening breeze brushed against her skin, she realized that, despite all the uncertainties that still lay ahead, she was ready to embrace the future with an open heart and an unwavering determination. | B11: 3297.7 | C11: 3492.9 | D11: 3453.5 | E11: =AVERAGE(B11:D11) -> 3414.7 | F11: =_xlfn.STDEV.P(B11:D11) -> 84.280642
A13: ⌀ Inferenzzeit | B13: =SUM(B2:B11)/10 -> 1097.47 | C13: =SUM(C2:C11)/10 -> 1101.53 | D13: =SUM(D2:D11)/10 -> 1110.63 | E13: =SUM(E2:E11)/10 -> 1103.21 | F13: =SUM(F2:F11)/10 -> 81.367161
A15: *Alle Testsätze wurden mittels OpenAI ChatGPT generiert

Sheet WASM_Übersetzung
A1: Testsatz | B1: Inferenzzeit 1 | C1: Inferenzzeit 2 | D1: Inferenzzeit 3 | E1: Mittelwert | F1: Standardabwichung
A2: The cat is sitting on the windowsill, watching the birds outside. | B2: 697.6 | C2: 624 | D2: 621.5 | E2: =AVERAGE(B2:D2) -> 647.7 | F2: =_xlfn.STDEV.P(B2:D2) -> 35.299386
A3: He bought a new laptop because his old one was too slow. | B3: 655.2 | C3: 628.2 | D3: 621.9 | E3: =AVERAGE(B3:D3) -> 635.1 | F3: =_xlfn.STDEV.P(B3:D3) -> 14.443684
A4: If it rains tomorrow, we will stay at home and watch a movie. | B4: 794.1 | C4: 800.3 | D4: 807.1 | E4: =AVERAGE(B4:D4) -> 800.5 | F4: =_xlfn.STDEV.P(B4:D4) -> 5.3091117
A5: She has been learning German for three years and speaks it fluently. | B5: 546.1 | C5: 541.6 | D5: 543.6 | E5: =AVERAGE(B5:D5) -> 543.76667 | F5: =_xlfn.STDEV.P(B5:D5) -> 1.8408935
A6: The restaurant was fully booked, so we had to find another place to eat. | B6: 874.6 | C6: 834.9 | D6: 844.9 | E6: =AVERAGE(B6:D6) -> 851.46667 | F6: =_xlfn.STDEV.P(B6:D6) -> 16.859485
A7: While walking through the old town, we discovered a small café hidden in a narrow alley, where they served the best homemade pastries and freshly brewed coffee we had ever tasted. | B7: 2150.7 | C7: 2110.4 | D7: 2128.7 | E7: =AVERAGE(B7:D7) -> 2129.9333 | F7: =_xlfn.STDEV.P(B7:D7) -> 16.475504
A8: Although she had never tried ice skating before, she quickly got the hang of it and, by the end of the afternoon, she was gliding across the ice as if she had been practicing for years. | B8: 1814.5 | C8: 1835.3 | D8: 1845.5 | E8: =AVERAGE(B8:D8) -> 1831.7667 | F8: =_xlfn.STDEV.P(B8:D8) -> 12.899957
A9: The scientist explained that the experiment had to be repeated multiple times under different conditions to ensure that the results were accurate and not just a coincidence. | B9: 1303 | C9: 1315.5 | D9: 1341.7 | E9: =AVERAGE(B9:D9) -> 1320.0667 | F9: =_xlfn.STDEV.P(B9:D9) -> 16.125825
A10: After months of meticulous planning and countless hours of preparation, the team finally launched their innovative project, which aimed to revolutionize the way people interact with technology by introducing a highly intuitive and user-friendly interface that adapts to individual preferences and learning styles. Despite facing numerous challenges along the way, including technical setbacks, budget constraints, and unexpected delays, their perseverance and dedication ultimately paid off, leading to widespread recognition and positive feedback from both experts and everyday users. | B10: 5406.1 | C10: 5376 | D10: 5388.8 | E10: =AVERAGE(B10:D10) -> 5390.3 | F10: =_xlfn.STDEV.P(B10:D10) -> 12.333964
A11: As the sun slowly set behind the distant mountains, painting the sky in shades of orange, pink, and purple, she sat on the wooden bench near the lake, reflecting on the many twists and turns her life had taken over the past few years. She had faced moments of overwhelming joy and deep sorrow, unexpected opportunities and heartbreaking disappointments, but through it all, she had learned valuable lessons about resilience, self-discovery, and the importance of cherishing every fleeting moment. As the cool evening breeze brushed against her skin, she realized that, despite all the uncertainties that still lay ahead, she was ready to embrace the future with an open heart and an unwavering determination. | B11: 7129.6 | C11: 7092.3 | D11: 7083.4 | E11: =AVERAGE(B11:D11) -> 7101.7667 | F11: =_xlfn.STDEV.P(B11:D11) -> 20.013718
A13: ⌀ Inferenzzeit | B13: =SUM(B2:B11)/10 -> 2137.15 | C13: =SUM(C2:C11)/10 -> 2115.85 | D13: =SUM(D2:D11)/10 -> 2122.71 | E13: =SUM(E2:E11)/10 -> 2125.2367 | F13: =SUM(F2:F11)/10 -> 15.160153
A15: *Alle Testsätze wurden mittels OpenAI ChatGPT generiert
